{
  "status":0,
  "message":"",
  "result":[
    {
      "addressId":"100001",
      "userName":"JackBean",
      "streetName":"北京市朝阳区朝阳公园",
      "postCode":"100001",
      "tel":"12345678901",
      "isDefault":true
    },
    {
      "addressId":"100002",
      "userName":"jane",
      "streetName":"北京市朝阳区朝阳公园",
      "postCode":"100001",
      "tel":"12345678901",
      "isDefault":false
    },
    {
      "addressId":"100003",
      "userName":"ggaoli",
      "streetName":"福州市鼓楼区软件云",
      "postCode":"100001",
      "tel":"12345678901",
      "isDefault":false
    },
    {
      "addressId":"100004",
      "userName":"JackBean",
      "streetName":"北京市朝阳区朝阳公园",
      "postCode":"100001",
      "tel":"12345678901",
      "isDefault":false
    },
    {
      "addressId":"100005",
      "userName":"hello",
      "streetName":"台江万达",
      "postCode":"100001",
      "tel":"12345678901",
      "isDefault":false
    }
  ]
}